Datetime,Water Level (m)
2025-07-15 00:00:00,0.8139848
2025-07-15 01:00:00,0.5150739
2025-07-15 02:00:00,0.2722524
2025-07-15 03:00:00,0.08624992
2025-07-15 04:00:00,-0.062389977
2025-07-15 05:00:00,-0.14606604
2025-07-15 06:00:00,0.07456151
2025-07-15 07:00:00,0.5330559
2025-07-15 08:00:00,0.95509887
2025-07-15 09:00:00,1.2968376
2025-07-15 10:00:00,1.4896415
2025-07-15 11:00:00,1.4493437
2025-07-15 12:00:00,1.1237897
2025-07-15 13:00:00,0.7873211
2025-07-15 14:00:00,0.50944406
2025-07-15 15:00:00,0.28640145
2025-07-15 16:00:00,0.10585899
2025-07-15 17:00:00,-0.037063625
2025-07-15 18:00:00,-0.08851135
2025-07-15 19:00:00,0.2585351
2025-07-15 20:00:00,0.653255
2025-07-15 21:00:00,0.99213636
2025-07-15 22:00:00,1.2256416
2025-07-15 23:00:00,1.2853018
2025-07-16 00:00:00,1.101129
2025-07-16 01:00:00,0.7760446
2025-07-16 02:00:00,0.5032962
2025-07-16 03:00:00,0.27740973
2025-07-16 04:00:00,0.102945566
2025-07-16 05:00:00,-0.032948133
2025-07-16 06:00:00,-0.07468937
2025-07-16 07:00:00,0.30820188
2025-07-16 08:00:00,0.7297867
2025-07-16 09:00:00,1.1049638
2025-07-16 10:00:00,1.3727208
2025-07-16 11:00:00,1.4702016
2025-07-16 12:00:00,1.3240945
2025-07-16 13:00:00,0.9888605
2025-07-16 14:00:00,0.6876052
2025-07-16 15:00:00,0.4409476
2025-07-16 16:00:00,0.23867658
2025-07-16 17:00:00,0.075489774
2025-07-16 18:00:00,-0.052499827
2025-07-16 19:00:00,-0.041446082
2025-07-16 20:00:00,0.3931514
2025-07-16 21:00:00,0.77637476
2025-07-16 22:00:00,1.0924654
2025-07-16 23:00:00,1.2766827
2025-07-17 00:00:00,1.2668507
2025-07-17 01:00:00,1.0214418
2025-07-17 02:00:00,0.7207534
2025-07-17 03:00:00,0.47097933
2025-07-17 04:00:00,0.27127793
2025-07-17 05:00:00,0.11781292
2025-07-17 06:00:00,0.004219753
2025-07-17 07:00:00,0.017364772
2025-07-17 08:00:00,0.40701056
2025-07-17 09:00:00,0.78514796
2025-07-17 10:00:00,1.1019729
2025-07-17 11:00:00,1.311099
2025-07-17 12:00:00,1.3453937
2025-07-17 13:00:00,1.1402525
2025-07-17 14:00:00,0.8255853
2025-07-17 15:00:00,0.5568225
2025-07-17 16:00:00,0.33285642
2025-07-17 17:00:00,0.15407862
2025-07-17 18:00:00,0.005225046
2025-07-17 19:00:00,-0.09946104
2025-07-17 20:00:00,-0.014714256
2025-07-17 21:00:00,0.40830252
2025-07-17 22:00:00,0.7512477
2025-07-17 23:00:00,1.0350295
2025-07-18 00:00:00,1.2071615
2025-07-18 01:00:00,1.2141774
2025-07-18 02:00:00,1.0113612
2025-07-18 03:00:00,0.7266225
2025-07-18 04:00:00,0.485626
2025-07-18 05:00:00,0.2943514
2025-07-18 06:00:00,0.15037869
2025-07-18 07:00:00,0.05664957
2025-07-18 08:00:00,0.11305002
2025-07-18 09:00:00,0.49739048
2025-07-18 10:00:00,0.8435778
2025-07-18 11:00:00,1.1155155
2025-07-18 12:00:00,1.26706
2025-07-18 13:00:00,1.2511404
2025-07-18 14:00:00,1.034387
2025-07-18 15:00:00,0.75630856
2025-07-18 16:00:00,0.514056
2025-07-18 17:00:00,0.31460366
2025-07-18 18:00:00,0.15179192
2025-07-18 19:00:00,0.018558204
2025-07-18 20:00:00,-0.059387144
2025-07-18 21:00:00,0.07737852
2025-07-18 22:00:00,0.47382897
2025-07-18 23:00:00,0.80078924
2025-07-19 00:00:00,1.0691181
2025-07-19 01:00:00,1.2316889
2025-07-19 02:00:00,1.246638
2025-07-19 03:00:00,1.0706211
2025-07-19 04:00:00,0.79946107
2025-07-19 05:00:00,0.5685542
2025-07-19 06:00:00,0.3843223
2025-07-19 07:00:00,0.24712798
2025-07-19 08:00:00,0.15897593
2025-07-19 09:00:00,0.1862218
2025-07-19 10:00:00,0.48874536
2025-07-19 11:00:00,0.80856246
2025-07-19 12:00:00,1.0541725
2025-07-19 13:00:00,1.1856527
2025-07-19 14:00:00,1.1655514
2025-07-19 15:00:00,0.9796856
2025-07-19 16:00:00,0.72880775
2025-07-19 17:00:00,0.50409317
2025-07-19 18:00:00,0.31289393
2025-07-19 19:00:00,0.1553473
2025-07-19 20:00:00,0.027762577
2025-07-19 21:00:00,-0.048157267
2025-07-19 22:00:00,0.066495694
2025-07-19 23:00:00,0.44791773
2025-07-20 00:00:00,0.7723735
2025-07-20 01:00:00,1.0509341
2025-07-20 02:00:00,1.2358878
2025-07-20 03:00:00,1.2942631
2025-07-20 04:00:00,1.1877875
2025-07-20 05:00:00,0.93698686
2025-07-20 06:00:00,0.6941
2025-07-20 07:00:00,0.49611032
2025-07-20 08:00:00,0.33888286
2025-07-20 09:00:00,0.22353993
2025-07-20 10:00:00,0.1796622
2025-07-20 11:00:00,0.33777332
2025-07-20 12:00:00,0.6627351
2025-07-20 13:00:00,0.92217565
2025-07-20 14:00:00,1.0902939
2025-07-20 15:00:00,1.1284345
2025-07-20 16:00:00,1.0110193
2025-07-20 17:00:00,0.7786231
2025-07-20 18:00:00,0.5491479
2025-07-20 19:00:00,0.34777284
2025-07-20 20:00:00,0.18077631
2025-07-20 21:00:00,0.04516698
2025-07-20 22:00:00,-0.049640354
2025-07-20 23:00:00,-0.007919336
2025-07-21 00:00:00,0.3515768
